120;1203
3
120;1203
0;1203
120;1203
120;1203
120;1203
120;1203
120;1203
120;1203
120;1203
120;1203
120;1203
120;1203
120;1203
120;1203
0;1203
120;1203
120;1203
120;1203
120;1203
120;1203
120;1203
120;1203
120;1203
120;1203
120;1203
120;1203
120;1203

120;1203

120;1203

120;1203

120;1203

120;1203

120;1203

120;1203

120;1203

120;1203

120;1203

120;1203

120;1203

120;1203

120;1203

120;1203

120;1203

120;1203

120;1203

120;1203

120;1203

120;1203

120;1203

120;1203

120;1203

120;1203

120;1203

120;1203

120;1203

120;1203

120;1203

120;1203

120;1203

120;1203

120;1203

120;1203

120;1203

120;1203

120;1203

120;1203

120;1203

120;1203

120;1203

120;1203

120;1203

120;1203

120;1203

120;1203

120;1203

